relative_path,class_name
STTC/IMG_8365.jpg,STTC
STTC/IMG_8129.jpg,STTC
MI/IMG_6082.JPG,MI
HYP/IMG_5988.JPG,HYP
NORM/IMG_6525.jpg,NORM
CD/IMG_7056.jpg,CD
STTC/IMG_8264.jpg,STTC
HYP/IMG_7312.jpg,HYP
CD/IMG_7186.jpg,CD
CD/IMG_6986.jpg,CD
HYP/IMG_7389.jpg,HYP
NORM/IMG_5871.JPG,NORM
NORM/IMG_6479.jpg,NORM
STTC/IMG_8422.jpg,STTC
HYP/IMG_7314.jpg,HYP
HYP/IMG_7321.jpg,HYP
NORM/IMG_6601.jpg,NORM
STTC/IMG_8040.jpg,STTC
STTC/IMG_8209.jpg,STTC
STTC/IMG_8088.jpg,STTC
HYP/IMG_5962.JPG,HYP
NORM/IMG_6536.jpg,NORM
CD/IMG_6921.jpg,CD
STTC/IMG_8160.jpg,STTC
CD/IMG_7138.jpg,CD
CD/IMG_7081.jpg,CD
HYP/IMG_7311.jpg,HYP
CD/IMG_6930.jpg,CD
NORM/IMG_6462.jpg,NORM
MI/IMG_7699.jpg,MI
MI/IMG_7656.jpg,MI
STTC/IMG_8407.jpg,STTC
MI/IMG_7710.jpg,MI
CD/IMG_6943.jpg,CD
STTC/IMG_8306.jpg,STTC
CD/IMG_7132.jpg,CD
CD/IMG_6839.jpg,CD
MI/IMG_6110.JPG,MI
STTC/IMG_8164.jpg,STTC
CD/IMG_6958.jpg,CD
NORM/IMG_6588.jpg,NORM
NORM/IMG_6718.jpg,NORM
STTC/IMG_8083.jpg,STTC
STTC/IMG_8277.jpg,STTC
CD/IMG_7042.jpg,CD
MI/IMG_7746.jpg,MI
HYP/IMG_5983.JPG,HYP
STTC/IMG_8097.jpg,STTC
NORM/IMG_6725.jpg,NORM
NORM/IMG_6523.jpg,NORM
HYP/IMG_7306.jpg,HYP
NORM/IMG_6684.jpg,NORM
CD/IMG_6918.jpg,CD
CD/IMG_7077.jpg,CD
HYP/IMG_7472.jpg,HYP
STTC/IMG_8324.jpg,STTC
CD/IMG_6857.jpg,CD
STTC/IMG_8049.jpg,STTC
HYP/IMG_7513.jpg,HYP
HYP/IMG_7255.jpg,HYP
STTC/IMG_8280.jpg,STTC
CD/IMG_6896.jpg,CD
MI/IMG_6091.JPG,MI
STTC/IMG_8126.jpg,STTC
STTC/IMG_8161.jpg,STTC
MI/IMG_7729.jpg,MI
HYP/IMG_7386.jpg,HYP
NORM/IMG_6622.jpg,NORM
CD/IMG_6866.jpg,CD
CD/IMG_6984.jpg,CD
MI/IMG_7744.jpg,MI
CD/IMG_6972.jpg,CD
CD/IMG_6846.jpg,CD
CD/IMG_7043.jpg,CD
CD/IMG_6838.jpg,CD
NORM/IMG_6517.jpg,NORM
NORM/IMG_6642.jpg,NORM
NORM/IMG_6668.jpg,NORM
CD/IMG_7085.jpg,CD
CD/IMG_7148.jpg,CD
CD/IMG_7022.jpg,CD
MI/IMG_7781.jpg,MI
CD/IMG_6849.jpg,CD
CD/IMG_6941.jpg,CD
MI/IMG_6212.JPG,MI
CD/IMG_7040.jpg,CD
NORM/IMG_6418.jpg,NORM
CD/IMG_6959.jpg,CD
HYP/IMG_6004.JPG,HYP
CD/IMG_6847.jpg,CD
MI/IMG_7795.jpg,MI
NORM/IMG_6427.jpg,NORM
CD/IMG_7161.jpg,CD
STTC/IMG_8073.jpg,STTC
MI/IMG_7665.jpg,MI
NORM/IMG_6510.jpg,NORM
NORM/IMG_5827.JPG,NORM
NORM/IMG_5840.JPG,NORM
NORM/IMG_6585.jpg,NORM
CD/IMG_6979.jpg,CD
MI/IMG_6207.JPG,MI
MI/IMG_7747.jpg,MI
HYP/IMG_5961.JPG,HYP
HYP/IMG_7390.jpg,HYP
MI/IMG_6215.JPG,MI
MI/IMG_6176.JPG,MI
HYP/IMG_7445.jpg,HYP
NORM/IMG_6675.jpg,NORM
NORM/IMG_6533.jpg,NORM
NORM/IMG_6724.jpg,NORM
HYP/IMG_5992.JPG,HYP
CD/IMG_6870.jpg,CD
STTC/IMG_8415.jpg,STTC
MI/IMG_6222.JPG,MI
NORM/IMG_6678.jpg,NORM
HYP/IMG_7232.jpg,HYP
NORM/IMG_6561.jpg,NORM
MI/IMG_6076.JPG,MI
MI/IMG_7754.jpg,MI
CD/IMG_7168.jpg,CD
MI/IMG_6123.JPG,MI
NORM/IMG_6558.jpg,NORM
MI/IMG_6232.JPG,MI
CD/IMG_6952.jpg,CD
CD/IMG_7214.jpg,CD
NORM/IMG_6424.jpg,NORM
HYP/IMG_7532.jpg,HYP
MI/IMG_6195.JPG,MI
NORM/IMG_6730.jpg,NORM
NORM/IMG_6633.jpg,NORM
MI/IMG_7709.jpg,MI
HYP/IMG_7261.jpg,HYP
NORM/IMG_6651.jpg,NORM
NORM/IMG_6584.jpg,NORM
NORM/IMG_5874.JPG,NORM
CD/IMG_6960.jpg,CD
MI/IMG_7677.jpg,MI
NORM/IMG_6625.jpg,NORM
STTC/IMG_8204.jpg,STTC
MI/IMG_6205.JPG,MI
NORM/IMG_6547.jpg,NORM
NORM/IMG_6595.jpg,NORM
STTC/IMG_8168.jpg,STTC
NORM/IMG_6474.jpg,NORM
NORM/IMG_6690.jpg,NORM
CD/IMG_6878.jpg,CD
STTC/IMG_8419.jpg,STTC
NORM/IMG_6489.jpg,NORM
HYP/IMG_7509.jpg,HYP
STTC/IMG_8417.jpg,STTC
STTC/IMG_8046.jpg,STTC
HYP/IMG_7364.jpg,HYP
CD/IMG_6902.jpg,CD
CD/IMG_6987.jpg,CD
HYP/IMG_7279.jpg,HYP
CD/IMG_6969.jpg,CD
STTC/IMG_8215.jpg,STTC
HYP/IMG_7263.jpg,HYP
NORM/IMG_5835.JPG,NORM
STTC/IMG_8185.jpg,STTC
STTC/IMG_8424.jpg,STTC
STTC/IMG_8260.jpg,STTC
STTC/IMG_8247.jpg,STTC
STTC/IMG_8377.jpg,STTC
MI/IMG_6073.JPG,MI
CD/IMG_7010.jpg,CD
STTC/IMG_8343.jpg,STTC
NORM/IMG_5808.JPG,NORM
MI/IMG_6087.JPG,MI
HYP/IMG_6021.JPG,HYP
CD/IMG_7073.jpg,CD
HYP/IMG_7546.jpg,HYP
HYP/IMG_7406.jpg,HYP
MI/IMG_7715.jpg,MI
HYP/IMG_7246.jpg,HYP
MI/IMG_7779.jpg,MI
CD/IMG_7008.jpg,CD
MI/IMG_6101.JPG,MI
HYP/IMG_7497.jpg,HYP
HYP/IMG_7355.jpg,HYP
CD/IMG_6862.jpg,CD
MI/IMG_6124.JPG,MI
NORM/IMG_6441.jpg,NORM
CD/IMG_7119.jpg,CD
NORM/IMG_6580.jpg,NORM
STTC/IMG_8431.jpg,STTC
HYP/IMG_5960.JPG,HYP
MI/IMG_7788.jpg,MI
HYP/IMG_7534.jpg,HYP
CD/IMG_6858.jpg,CD
CD/IMG_6827.jpg,CD
CD/IMG_7038.jpg,CD
CD/IMG_7018.jpg,CD
NORM/IMG_5819.JPG,NORM
MI/IMG_7740.jpg,MI
NORM/IMG_6432.jpg,NORM
HYP/IMG_7555.jpg,HYP
HYP/IMG_7547.jpg,HYP
STTC/IMG_8279.jpg,STTC
CD/IMG_7055.jpg,CD
STTC/IMG_8428.jpg,STTC
CD/IMG_7099.jpg,CD
NORM/IMG_6577.jpg,NORM
HYP/IMG_7560.jpg,HYP
CD/IMG_6845.jpg,CD
HYP/IMG_7300.jpg,HYP
MI/IMG_6198.JPG,MI
STTC/IMG_8367.jpg,STTC
CD/IMG_7021.jpg,CD
MI/IMG_6068.JPG,MI
NORM/IMG_6627.jpg,NORM
HYP/IMG_7514.jpg,HYP
STTC/IMG_8408.jpg,STTC
CD/IMG_7041.jpg,CD
HYP/IMG_7438.jpg,HYP
CD/IMG_6951.jpg,CD
MI/IMG_6203.JPG,MI
MI/IMG_7745.jpg,MI
HYP/IMG_5991.JPG,HYP
NORM/IMG_5811.JPG,NORM
CD/IMG_6922.jpg,CD
STTC/IMG_8082.jpg,STTC
STTC/IMG_8143.jpg,STTC
CD/IMG_7127.jpg,CD
CD/IMG_6948.jpg,CD
NORM/IMG_6567.jpg,NORM
MI/IMG_6214.JPG,MI
STTC/IMG_8191.jpg,STTC
CD/IMG_7104.jpg,CD
CD/IMG_6882.jpg,CD
CD/IMG_7130.jpg,CD
MI/IMG_7678.jpg,MI
HYP/IMG_7473.jpg,HYP
HYP/IMG_5989.JPG,HYP
STTC/IMG_8188.jpg,STTC
CD/IMG_6927.jpg,CD
MI/IMG_6216.JPG,MI
NORM/IMG_6673.jpg,NORM
NORM/IMG_5797.JPG,NORM
NORM/IMG_6434.jpg,NORM
MI/IMG_6031.JPG,MI
NORM/IMG_5798.JPG,NORM
STTC/IMG_8167.jpg,STTC
HYP/IMG_5986.JPG,HYP
STTC/IMG_8397.jpg,STTC
NORM/IMG_6411.jpg,NORM
NORM/IMG_6613.jpg,NORM
HYP/IMG_7489.jpg,HYP
STTC/IMG_8216.jpg,STTC
MI/IMG_7673.jpg,MI
NORM/IMG_5831.JPG,NORM
NORM/IMG_6575.jpg,NORM
STTC/IMG_8238.jpg,STTC
STTC/IMG_8281.jpg,STTC
HYP/IMG_7284.jpg,HYP
NORM/IMG_5802.JPG,NORM
CD/IMG_7111.jpg,CD
CD/IMG_7196.jpg,CD
CD/IMG_6912.jpg,CD
NORM/IMG_5837.JPG,NORM
NORM/IMG_6714.jpg,NORM
HYP/IMG_7367.jpg,HYP
STTC/IMG_8246.jpg,STTC
STTC/IMG_8240.jpg,STTC
NORM/IMG_6593.jpg,NORM
NORM/IMG_6443.jpg,NORM
NORM/IMG_6454.jpg,NORM
STTC/IMG_8153.jpg,STTC
HYP/IMG_7417.jpg,HYP
MI/IMG_7750.jpg,MI
NORM/IMG_6731.jpg,NORM
STTC/IMG_8311.jpg,STTC
STTC/IMG_8390.jpg,STTC
STTC/IMG_8369.jpg,STTC
MI/IMG_7721.jpg,MI
HYP/IMG_7452.jpg,HYP
STTC/IMG_8101.jpg,STTC
HYP/IMG_7327.jpg,HYP
MI/IMG_6097.JPG,MI
NORM/IMG_6428.jpg,NORM
HYP/IMG_7535.jpg,HYP
NORM/IMG_6466.jpg,NORM
NORM/IMG_6717.jpg,NORM
HYP/IMG_7396.jpg,HYP
NORM/IMG_6416.jpg,NORM
MI/IMG_7640.jpg,MI
MI/IMG_7780.jpg,MI
MI/IMG_6112.JPG,MI
MI/IMG_7799.jpg,MI
NORM/IMG_6620.jpg,NORM
HYP/IMG_7480.jpg,HYP
HYP/IMG_7398.jpg,HYP
HYP/IMG_5957.JPG,HYP
CD/IMG_6998.jpg,CD
NORM/IMG_5823.JPG,NORM
STTC/IMG_8295.jpg,STTC
MI/IMG_6153.JPG,MI
NORM/IMG_6518.jpg,NORM
STTC/IMG_8038.jpg,STTC
NORM/IMG_6719.jpg,NORM
CD/IMG_7062.jpg,CD
CD/IMG_7035.jpg,CD
HYP/IMG_5975.JPG,HYP
CD/IMG_7205.jpg,CD
CD/IMG_6867.jpg,CD
HYP/IMG_5997.JPG,HYP
HYP/IMG_7495.jpg,HYP
HYP/IMG_7394.jpg,HYP
HYP/IMG_7256.jpg,HYP
MI/IMG_6230.JPG,MI
MI/IMG_7732.jpg,MI
NORM/IMG_6716.jpg,NORM
STTC/IMG_8054.jpg,STTC
MI/IMG_7657.jpg,MI
STTC/IMG_8134.jpg,STTC
HYP/IMG_7337.jpg,HYP
STTC/IMG_8091.jpg,STTC
MI/IMG_7774.jpg,MI
HYP/IMG_5993.JPG,HYP
NORM/IMG_6502.jpg,NORM
HYP/IMG_7291.jpg,HYP
STTC/IMG_8141.jpg,STTC
CD/IMG_6914.jpg,CD
CD/IMG_7082.jpg,CD
HYP/IMG_7435.jpg,HYP
HYP/IMG_7282.jpg,HYP
CD/IMG_7150.jpg,CD
CD/IMG_7113.jpg,CD
CD/IMG_7116.jpg,CD
NORM/IMG_5815.JPG,NORM
MI/IMG_7689.jpg,MI
CD/IMG_7059.jpg,CD
STTC/IMG_8259.jpg,STTC
CD/IMG_6973.jpg,CD
HYP/IMG_7430.jpg,HYP
HYP/IMG_7455.jpg,HYP
STTC/IMG_8253.jpg,STTC
STTC/IMG_8189.jpg,STTC
NORM/IMG_6621.jpg,NORM
MI/IMG_6100.JPG,MI
HYP/IMG_6006.JPG,HYP
STTC/IMG_8056.jpg,STTC
NORM/IMG_5792.JPG,NORM
STTC/IMG_8371.jpg,STTC
HYP/IMG_7439.jpg,HYP
HYP/IMG_7285.jpg,HYP
NORM/IMG_6539.jpg,NORM
HYP/IMG_7374.jpg,HYP
MI/IMG_6132.JPG,MI
CD/IMG_6992.jpg,CD
MI/IMG_7755.jpg,MI
STTC/IMG_8344.jpg,STTC
NORM/IMG_6579.jpg,NORM
HYP/IMG_7540.jpg,HYP
STTC/IMG_8044.jpg,STTC
STTC/IMG_8059.jpg,STTC
NORM/IMG_6534.jpg,NORM
STTC/IMG_8081.jpg,STTC
NORM/IMG_6687.jpg,NORM
CD/IMG_7078.jpg,CD
CD/IMG_6892.jpg,CD
STTC/IMG_8338.jpg,STTC
CD/IMG_7152.jpg,CD
STTC/IMG_8231.jpg,STTC
MI/IMG_7635.jpg,MI
NORM/IMG_5825.JPG,NORM
MI/IMG_6174.JPG,MI
CD/IMG_6837.jpg,CD
HYP/IMG_5954.JPG,HYP
MI/IMG_6220.JPG,MI
NORM/IMG_6475.jpg,NORM
HYP/IMG_7249.jpg,HYP
CD/IMG_7223.jpg,CD
HYP/IMG_7516.jpg,HYP
NORM/IMG_5793.JPG,NORM
CD/IMG_6994.jpg,CD
HYP/IMG_7247.jpg,HYP
MI/IMG_7652.jpg,MI
MI/IMG_6063.JPG,MI
STTC/IMG_8387.jpg,STTC
MI/IMG_6228.JPG,MI
NORM/IMG_6524.jpg,NORM
HYP/IMG_7287.jpg,HYP
STTC/IMG_8055.jpg,STTC
MI/IMG_6040.JPG,MI
STTC/IMG_8398.jpg,STTC
HYP/IMG_5994.JPG,HYP
MI/IMG_7708.jpg,MI
MI/IMG_7723.jpg,MI
STTC/IMG_8274.jpg,STTC
NORM/IMG_6623.jpg,NORM
CD/IMG_7129.jpg,CD
NORM/IMG_6606.jpg,NORM
NORM/IMG_6583.jpg,NORM
MI/IMG_7784.jpg,MI
HYP/IMG_7553.jpg,HYP
CD/IMG_6977.jpg,CD
MI/IMG_7676.jpg,MI
HYP/IMG_7277.jpg,HYP
STTC/IMG_8162.jpg,STTC
NORM/IMG_6640.jpg,NORM
CD/IMG_6928.jpg,CD
CD/IMG_6991.jpg,CD
NORM/IMG_6608.jpg,NORM
HYP/IMG_7538.jpg,HYP
MI/IMG_6133.JPG,MI
MI/IMG_7655.jpg,MI
HYP/IMG_7474.jpg,HYP
HYP/IMG_7557.jpg,HYP
MI/IMG_6170.JPG,MI
STTC/IMG_8183.jpg,STTC
MI/IMG_6128.JPG,MI
MI/IMG_6102.JPG,MI
STTC/IMG_8139.jpg,STTC
STTC/IMG_8394.jpg,STTC
NORM/IMG_6442.jpg,NORM
MI/IMG_6221.JPG,MI
CD/IMG_7070.jpg,CD
MI/IMG_6158.JPG,MI
HYP/IMG_7346.jpg,HYP
STTC/IMG_8171.jpg,STTC
HYP/IMG_7361.jpg,HYP
CD/IMG_6869.jpg,CD
STTC/IMG_8351.jpg,STTC
MI/IMG_7717.jpg,MI
CD/IMG_7005.jpg,CD
HYP/IMG_7549.jpg,HYP
NORM/IMG_6484.jpg,NORM
NORM/IMG_6537.jpg,NORM
NORM/IMG_6578.jpg,NORM
CD/IMG_6985.jpg,CD
STTC/IMG_8376.jpg,STTC
CD/IMG_7094.jpg,CD
NORM/IMG_6421.jpg,NORM
MI/IMG_6117.JPG,MI
NORM/IMG_6563.jpg,NORM
CD/IMG_7012.jpg,CD
CD/IMG_7208.jpg,CD
HYP/IMG_7531.jpg,HYP
CD/IMG_6888.jpg,CD
NORM/IMG_6686.jpg,NORM
STTC/IMG_8142.jpg,STTC
NORM/IMG_6581.jpg,NORM
NORM/IMG_5865.JPG,NORM
HYP/IMG_7328.jpg,HYP
STTC/IMG_8393.jpg,STTC
MI/IMG_6161.JPG,MI
HYP/IMG_5963.JPG,HYP
HYP/IMG_7294.jpg,HYP
MI/IMG_7753.jpg,MI
MI/IMG_7633.jpg,MI
STTC/IMG_8432.jpg,STTC
HYP/IMG_7265.jpg,HYP
HYP/IMG_7340.jpg,HYP
CD/IMG_6967.jpg,CD
CD/IMG_6950.jpg,CD
NORM/IMG_5849.JPG,NORM
CD/IMG_7007.jpg,CD
HYP/IMG_7496.jpg,HYP
CD/IMG_6835.jpg,CD
NORM/IMG_6482.jpg,NORM
STTC/IMG_8155.jpg,STTC
NORM/IMG_6470.jpg,NORM
STTC/IMG_8349.jpg,STTC
HYP/IMG_6002.JPG,HYP
HYP/IMG_7431.jpg,HYP
NORM/IMG_6538.jpg,NORM
STTC/IMG_8236.jpg,STTC
CD/IMG_6917.jpg,CD
STTC/IMG_8330.jpg,STTC
HYP/IMG_7501.jpg,HYP
CD/IMG_7102.jpg,CD
HYP/IMG_5976.JPG,HYP
MI/IMG_7646.jpg,MI
NORM/IMG_5813.JPG,NORM
MI/IMG_6211.JPG,MI
MI/IMG_7767.jpg,MI
CD/IMG_7028.jpg,CD
MI/IMG_7812.jpg,MI
HYP/IMG_7235.jpg,HYP
MI/IMG_7667.jpg,MI
HYP/IMG_7381.jpg,HYP
STTC/IMG_8297.jpg,STTC
STTC/IMG_8416.jpg,STTC
STTC/IMG_8175.jpg,STTC
STTC/IMG_8100.jpg,STTC
HYP/IMG_7442.jpg,HYP
CD/IMG_7218.jpg,CD
STTC/IMG_8384.jpg,STTC
STTC/IMG_8132.jpg,STTC
CD/IMG_7058.jpg,CD
NORM/IMG_6444.jpg,NORM
NORM/IMG_6531.jpg,NORM
STTC/IMG_8421.jpg,STTC
STTC/IMG_8125.jpg,STTC
NORM/IMG_6653.jpg,NORM
NORM/IMG_6552.jpg,NORM
CD/IMG_7143.jpg,CD
NORM/IMG_6611.jpg,NORM
MI/IMG_7771.jpg,MI
HYP/IMG_7470.jpg,HYP
CD/IMG_7164.jpg,CD
HYP/IMG_7462.jpg,HYP
NORM/IMG_6649.jpg,NORM
STTC/IMG_8219.jpg,STTC
CD/IMG_6893.jpg,CD
NORM/IMG_5829.JPG,NORM
STTC/IMG_8146.jpg,STTC
MI/IMG_6188.JPG,MI
MI/IMG_6032.JPG,MI
MI/IMG_7682.jpg,MI
MI/IMG_7776.jpg,MI
STTC/IMG_8313.jpg,STTC
CD/IMG_7114.jpg,CD
NORM/IMG_6721.jpg,NORM
MI/IMG_7671.jpg,MI
NORM/IMG_6602.jpg,NORM
MI/IMG_7711.jpg,MI
NORM/IMG_6667.jpg,NORM
MI/IMG_6030.JPG,MI
HYP/IMG_7299.jpg,HYP
NORM/IMG_6480.jpg,NORM
CD/IMG_7171.jpg,CD
STTC/IMG_8285.jpg,STTC
MI/IMG_7705.jpg,MI
STTC/IMG_8430.jpg,STTC
STTC/IMG_8085.jpg,STTC
STTC/IMG_8265.jpg,STTC
HYP/IMG_7349.jpg,HYP
NORM/IMG_5858.JPG,NORM
NORM/IMG_6450.jpg,NORM
CD/IMG_6933.jpg,CD
MI/IMG_6113.JPG,MI
CD/IMG_6923.jpg,CD
STTC/IMG_8147.jpg,STTC
NORM/IMG_5866.JPG,NORM
STTC/IMG_8047.jpg,STTC
MI/IMG_7701.jpg,MI
MI/IMG_6165.JPG,MI
MI/IMG_7786.jpg,MI
CD/IMG_6903.jpg,CD
CD/IMG_6842.jpg,CD
CD/IMG_7181.jpg,CD
HYP/IMG_7305.jpg,HYP
NORM/IMG_6459.jpg,NORM
CD/IMG_7163.jpg,CD
STTC/IMG_8182.jpg,STTC
STTC/IMG_8223.jpg,STTC
STTC/IMG_8117.jpg,STTC
CD/IMG_6883.jpg,CD
STTC/IMG_8154.jpg,STTC
CD/IMG_6955.jpg,CD
CD/IMG_7026.jpg,CD
CD/IMG_7086.jpg,CD
CD/IMG_6871.jpg,CD
HYP/IMG_7536.jpg,HYP
STTC/IMG_8130.jpg,STTC
MI/IMG_6181.JPG,MI
CD/IMG_7194.jpg,CD
HYP/IMG_7293.jpg,HYP
CD/IMG_6974.jpg,CD
NORM/IMG_5824.JPG,NORM
HYP/IMG_7469.jpg,HYP
MI/IMG_6233.JPG,MI
CD/IMG_7178.jpg,CD
NORM/IMG_6600.jpg,NORM
MI/IMG_7790.jpg,MI
HYP/IMG_7433.jpg,HYP
MI/IMG_7813.jpg,MI
HYP/IMG_7481.jpg,HYP
NORM/IMG_6720.jpg,NORM
CD/IMG_6905.jpg,CD
MI/IMG_7674.jpg,MI
CD/IMG_6920.jpg,CD
CD/IMG_6946.jpg,CD
MI/IMG_6192.JPG,MI
NORM/IMG_6624.jpg,NORM
MI/IMG_6186.JPG,MI
CD/IMG_7136.jpg,CD
MI/IMG_7653.jpg,MI
STTC/IMG_8429.jpg,STTC
MI/IMG_7643.jpg,MI
MI/IMG_6225.JPG,MI
CD/IMG_7162.jpg,CD
HYP/IMG_7273.jpg,HYP
HYP/IMG_7353.jpg,HYP
STTC/IMG_8127.jpg,STTC
HYP/IMG_7446.jpg,HYP
HYP/IMG_7530.jpg,HYP
HYP/IMG_7286.jpg,HYP
CD/IMG_7014.jpg,CD
STTC/IMG_8425.jpg,STTC
HYP/IMG_7542.jpg,HYP
HYP/IMG_7387.jpg,HYP
NORM/IMG_6423.jpg,NORM
NORM/IMG_6463.jpg,NORM
CD/IMG_7080.jpg,CD
CD/IMG_7198.jpg,CD
MI/IMG_6137.JPG,MI
CD/IMG_6859.jpg,CD
HYP/IMG_7499.jpg,HYP
HYP/IMG_7325.jpg,HYP
NORM/IMG_6692.jpg,NORM
CD/IMG_7147.jpg,CD
STTC/IMG_8159.jpg,STTC
STTC/IMG_8062.jpg,STTC
CD/IMG_6993.jpg,CD
HYP/IMG_7236.jpg,HYP
HYP/IMG_7395.jpg,HYP
CD/IMG_7083.jpg,CD
NORM/IMG_6619.jpg,NORM
HYP/IMG_7407.jpg,HYP
MI/IMG_6114.JPG,MI
CD/IMG_7167.jpg,CD
STTC/IMG_8401.jpg,STTC
NORM/IMG_5812.JPG,NORM
NORM/IMG_6617.jpg,NORM
MI/IMG_7727.jpg,MI
CD/IMG_7225.jpg,CD
HYP/IMG_6009.JPG,HYP
CD/IMG_7045.jpg,CD
HYP/IMG_7447.jpg,HYP
MI/IMG_6060.JPG,MI
STTC/IMG_8282.jpg,STTC
NORM/IMG_6456.jpg,NORM
NORM/IMG_5867.JPG,NORM
STTC/IMG_8317.jpg,STTC
CD/IMG_6897.jpg,CD
NORM/IMG_5785.JPG,NORM
MI/IMG_6149.JPG,MI
MI/IMG_6235.JPG,MI
CD/IMG_6836.jpg,CD
STTC/IMG_8124.jpg,STTC
STTC/IMG_8289.jpg,STTC
MI/IMG_6199.JPG,MI
CD/IMG_6949.jpg,CD
MI/IMG_7660.jpg,MI
MI/IMG_6201.JPG,MI
MI/IMG_7642.jpg,MI
CD/IMG_6961.jpg,CD
MI/IMG_7675.jpg,MI
CD/IMG_6913.jpg,CD
HYP/IMG_7408.jpg,HYP
MI/IMG_6111.JPG,MI
NORM/IMG_6519.jpg,NORM
NORM/IMG_6630.jpg,NORM
CD/IMG_7057.jpg,CD
MI/IMG_7637.jpg,MI
HYP/IMG_7352.jpg,HYP
CD/IMG_6889.jpg,CD
MI/IMG_6115.JPG,MI
STTC/IMG_8227.jpg,STTC
STTC/IMG_8032.jpg,STTC
HYP/IMG_7471.jpg,HYP
NORM/IMG_5836.JPG,NORM
NORM/IMG_5790.JPG,NORM
MI/IMG_7775.jpg,MI
CD/IMG_7039.jpg,CD
STTC/IMG_8157.jpg,STTC
CD/IMG_6980.jpg,CD
CD/IMG_7177.jpg,CD
CD/IMG_7044.jpg,CD
MI/IMG_7634.jpg,MI
HYP/IMG_5984.JPG,HYP
NORM/IMG_5860.JPG,NORM
MI/IMG_6239.JPG,MI
CD/IMG_7145.jpg,CD
HYP/IMG_7526.jpg,HYP
MI/IMG_6039.JPG,MI
MI/IMG_7757.jpg,MI
STTC/IMG_8381.jpg,STTC
STTC/IMG_8170.jpg,STTC
HYP/IMG_7288.jpg,HYP
NORM/IMG_5846.JPG,NORM
NORM/IMG_6609.jpg,NORM
MI/IMG_7631.jpg,MI
HYP/IMG_7234.jpg,HYP
STTC/IMG_8135.jpg,STTC
STTC/IMG_8329.jpg,STTC
CD/IMG_7137.jpg,CD
NORM/IMG_5870.JPG,NORM
MI/IMG_6103.JPG,MI
HYP/IMG_7342.jpg,HYP
STTC/IMG_8273.jpg,STTC
HYP/IMG_5998.JPG,HYP
HYP/IMG_7483.jpg,HYP
STTC/IMG_8092.jpg,STTC
HYP/IMG_7401.jpg,HYP
STTC/IMG_8406.jpg,STTC
CD/IMG_7020.jpg,CD
STTC/IMG_8360.jpg,STTC
STTC/IMG_8358.jpg,STTC
STTC/IMG_8248.jpg,STTC
NORM/IMG_6688.jpg,NORM
CD/IMG_7074.jpg,CD
CD/IMG_7188.jpg,CD
NORM/IMG_6541.jpg,NORM
NORM/IMG_5875.JPG,NORM
CD/IMG_6865.jpg,CD
NORM/IMG_5844.JPG,NORM
NORM/IMG_5787.JPG,NORM
HYP/IMG_7403.jpg,HYP
HYP/IMG_7463.jpg,HYP
STTC/IMG_8224.jpg,STTC
NORM/IMG_5869.JPG,NORM
NORM/IMG_5794.JPG,NORM
STTC/IMG_8310.jpg,STTC
MI/IMG_7804.jpg,MI
MI/IMG_7654.jpg,MI
HYP/IMG_7419.jpg,HYP
STTC/IMG_8102.jpg,STTC
CD/IMG_7221.jpg,CD
NORM/IMG_5818.JPG,NORM
HYP/IMG_7399.jpg,HYP
MI/IMG_7818.jpg,MI
HYP/IMG_7414.jpg,HYP
NORM/IMG_6674.jpg,NORM
NORM/IMG_6636.jpg,NORM
CD/IMG_6924.jpg,CD
CD/IMG_7156.jpg,CD
HYP/IMG_7240.jpg,HYP
HYP/IMG_7522.jpg,HYP
NORM/IMG_6487.jpg,NORM
STTC/IMG_8151.jpg,STTC
MI/IMG_6142.JPG,MI
NORM/IMG_5859.JPG,NORM
NORM/IMG_6495.jpg,NORM
MI/IMG_6041.JPG,MI
HYP/IMG_7270.jpg,HYP
HYP/IMG_7458.jpg,HYP
HYP/IMG_7336.jpg,HYP
CD/IMG_7053.jpg,CD
MI/IMG_6052.JPG,MI
STTC/IMG_8355.jpg,STTC
NORM/IMG_6586.jpg,NORM
CD/IMG_7124.jpg,CD
MI/IMG_6096.JPG,MI
HYP/IMG_7482.jpg,HYP
CD/IMG_7139.jpg,CD
STTC/IMG_8287.jpg,STTC
HYP/IMG_7281.jpg,HYP
CD/IMG_7091.jpg,CD
CD/IMG_7098.jpg,CD
HYP/IMG_7392.jpg,HYP
STTC/IMG_8150.jpg,STTC
CD/IMG_6887.jpg,CD
STTC/IMG_8045.jpg,STTC
STTC/IMG_8033.jpg,STTC
CD/IMG_7170.jpg,CD
NORM/IMG_6650.jpg,NORM
MI/IMG_6050.JPG,MI
CD/IMG_7063.jpg,CD
CD/IMG_6916.jpg,CD
MI/IMG_6159.JPG,MI
STTC/IMG_8076.jpg,STTC
HYP/IMG_7468.jpg,HYP
NORM/IMG_6511.jpg,NORM
CD/IMG_6895.jpg,CD
MI/IMG_7688.jpg,MI
HYP/IMG_7379.jpg,HYP
HYP/IMG_7358.jpg,HYP
MI/IMG_7748.jpg,MI
HYP/IMG_7537.jpg,HYP
STTC/IMG_8249.jpg,STTC
NORM/IMG_6481.jpg,NORM
CD/IMG_7060.jpg,CD
NORM/IMG_6477.jpg,NORM
NORM/IMG_6500.jpg,NORM
NORM/IMG_6468.jpg,NORM
STTC/IMG_8067.jpg,STTC
MI/IMG_7731.jpg,MI
HYP/IMG_5980.JPG,HYP
HYP/IMG_7413.jpg,HYP
CD/IMG_7133.jpg,CD
STTC/IMG_8312.jpg,STTC
CD/IMG_7029.jpg,CD
STTC/IMG_8346.jpg,STTC
CD/IMG_7146.jpg,CD
MI/IMG_7751.jpg,MI
MI/IMG_6227.JPG,MI
STTC/IMG_8341.jpg,STTC
NORM/IMG_6629.jpg,NORM
CD/IMG_6983.jpg,CD
MI/IMG_6219.JPG,MI
STTC/IMG_8352.jpg,STTC
MI/IMG_6067.JPG,MI
CD/IMG_7187.jpg,CD
STTC/IMG_8195.jpg,STTC
HYP/IMG_7415.jpg,HYP
MI/IMG_7736.jpg,MI
NORM/IMG_6658.jpg,NORM
STTC/IMG_8057.jpg,STTC
MI/IMG_7697.jpg,MI
CD/IMG_7227.jpg,CD
CD/IMG_6848.jpg,CD
HYP/IMG_7520.jpg,HYP
NORM/IMG_6445.jpg,NORM
STTC/IMG_8382.jpg,STTC
NORM/IMG_6512.jpg,NORM
HYP/IMG_7504.jpg,HYP
HYP/IMG_7545.jpg,HYP
CD/IMG_6982.jpg,CD
MI/IMG_6140.JPG,MI
STTC/IMG_8166.jpg,STTC
CD/IMG_7220.jpg,CD
HYP/IMG_7242.jpg,HYP
STTC/IMG_8302.jpg,STTC
STTC/IMG_8201.jpg,STTC
STTC/IMG_8327.jpg,STTC
HYP/IMG_5967.JPG,HYP
STTC/IMG_8114.jpg,STTC
MI/IMG_6083.JPG,MI
NORM/IMG_6490.jpg,NORM
MI/IMG_7808.jpg,MI
CD/IMG_6937.jpg,CD
STTC/IMG_8137.jpg,STTC
HYP/IMG_7434.jpg,HYP
NORM/IMG_6729.jpg,NORM
NORM/IMG_6590.jpg,NORM
MI/IMG_7685.jpg,MI
HYP/IMG_5985.JPG,HYP
STTC/IMG_8323.jpg,STTC
HYP/IMG_7477.jpg,HYP
MI/IMG_7810.jpg,MI
NORM/IMG_6422.jpg,NORM
MI/IMG_7800.jpg,MI
NORM/IMG_6571.jpg,NORM
MI/IMG_6154.JPG,MI
NORM/IMG_6528.jpg,NORM
NORM/IMG_6509.jpg,NORM
HYP/IMG_7539.jpg,HYP
CD/IMG_6832.jpg,CD
HYP/IMG_7416.jpg,HYP
NORM/IMG_6682.jpg,NORM
HYP/IMG_7254.jpg,HYP
HYP/IMG_7410.jpg,HYP
CD/IMG_7182.jpg,CD
STTC/IMG_8305.jpg,STTC
MI/IMG_6218.JPG,MI
STTC/IMG_8309.jpg,STTC
MI/IMG_7722.jpg,MI
NORM/IMG_6652.jpg,NORM
MI/IMG_7681.jpg,MI
STTC/IMG_8123.jpg,STTC
STTC/IMG_8104.jpg,STTC
NORM/IMG_6488.jpg,NORM
MI/IMG_6099.JPG,MI
HYP/IMG_5969.JPG,HYP
STTC/IMG_8186.jpg,STTC
STTC/IMG_8099.jpg,STTC
NORM/IMG_5876.JPG,NORM
HYP/IMG_7551.jpg,HYP
CD/IMG_7097.jpg,CD
NORM/IMG_6529.jpg,NORM
HYP/IMG_7335.jpg,HYP
MI/IMG_6162.JPG,MI
HYP/IMG_7492.jpg,HYP
MI/IMG_7761.jpg,MI
HYP/IMG_7409.jpg,HYP
MI/IMG_7756.jpg,MI
CD/IMG_7096.jpg,CD
STTC/IMG_8368.jpg,STTC
CD/IMG_6931.jpg,CD
STTC/IMG_8347.jpg,STTC
STTC/IMG_8388.jpg,STTC
STTC/IMG_8283.jpg,STTC
STTC/IMG_8373.jpg,STTC
HYP/IMG_7323.jpg,HYP
MI/IMG_7696.jpg,MI
NORM/IMG_6672.jpg,NORM
STTC/IMG_8232.jpg,STTC
HYP/IMG_7360.jpg,HYP
CD/IMG_6997.jpg,CD
STTC/IMG_8301.jpg,STTC
HYP/IMG_6022.JPG,HYP
CD/IMG_6890.jpg,CD
HYP/IMG_6014.JPG,HYP
HYP/IMG_7363.jpg,HYP
HYP/IMG_7505.jpg,HYP
CD/IMG_6881.jpg,CD
CD/IMG_7231.jpg,CD
NORM/IMG_5861.JPG,NORM
MI/IMG_6038.JPG,MI
MI/IMG_7691.jpg,MI
CD/IMG_7076.jpg,CD
STTC/IMG_8173.jpg,STTC
MI/IMG_6072.JPG,MI
STTC/IMG_8400.jpg,STTC
STTC/IMG_8194.jpg,STTC
HYP/IMG_7301.jpg,HYP
NORM/IMG_6413.jpg,NORM
NORM/IMG_5810.JPG,NORM
MI/IMG_7719.jpg,MI
STTC/IMG_8307.jpg,STTC
STTC/IMG_8336.jpg,STTC
STTC/IMG_8378.jpg,STTC
CD/IMG_7089.jpg,CD
HYP/IMG_6015.JPG,HYP
NORM/IMG_6726.jpg,NORM
NORM/IMG_5799.JPG,NORM
MI/IMG_6106.JPG,MI
CD/IMG_6981.jpg,CD
MI/IMG_6164.JPG,MI
MI/IMG_6047.JPG,MI
NORM/IMG_6499.jpg,NORM
NORM/IMG_5862.JPG,NORM
STTC/IMG_8116.jpg,STTC
HYP/IMG_7559.jpg,HYP
NORM/IMG_5848.JPG,NORM
STTC/IMG_8426.jpg,STTC
CD/IMG_6830.jpg,CD
MI/IMG_7641.jpg,MI
MI/IMG_6224.JPG,MI
NORM/IMG_6447.jpg,NORM
MI/IMG_6046.JPG,MI
STTC/IMG_8271.jpg,STTC
STTC/IMG_8314.jpg,STTC
STTC/IMG_8043.jpg,STTC
HYP/IMG_7274.jpg,HYP
CD/IMG_7050.jpg,CD
MI/IMG_6139.JPG,MI
HYP/IMG_5996.JPG,HYP
HYP/IMG_7525.jpg,HYP
CD/IMG_7049.jpg,CD
NORM/IMG_6522.jpg,NORM
HYP/IMG_7533.jpg,HYP
STTC/IMG_8108.jpg,STTC
MI/IMG_7793.jpg,MI
MI/IMG_6131.JPG,MI
STTC/IMG_8095.jpg,STTC
MI/IMG_7816.jpg,MI
NORM/IMG_6634.jpg,NORM
NORM/IMG_6542.jpg,NORM
MI/IMG_7706.jpg,MI
HYP/IMG_7440.jpg,HYP
MI/IMG_7759.jpg,MI
HYP/IMG_7376.jpg,HYP
NORM/IMG_6549.jpg,NORM
NORM/IMG_5806.JPG,NORM
STTC/IMG_8350.jpg,STTC
STTC/IMG_8357.jpg,STTC
STTC/IMG_8179.jpg,STTC
STTC/IMG_8339.jpg,STTC
STTC/IMG_8064.jpg,STTC
HYP/IMG_7250.jpg,HYP
CD/IMG_6853.jpg,CD
MI/IMG_6095.JPG,MI
NORM/IMG_6440.jpg,NORM
STTC/IMG_8034.jpg,STTC
CD/IMG_6876.jpg,CD
HYP/IMG_5979.JPG,HYP
MI/IMG_6042.JPG,MI
HYP/IMG_7491.jpg,HYP
NORM/IMG_5872.JPG,NORM
STTC/IMG_8244.jpg,STTC
MI/IMG_6059.JPG,MI
CD/IMG_7153.jpg,CD
CD/IMG_7075.jpg,CD
NORM/IMG_6483.jpg,NORM
CD/IMG_7121.jpg,CD
MI/IMG_7713.jpg,MI
STTC/IMG_8370.jpg,STTC
MI/IMG_6135.JPG,MI
MI/IMG_6145.JPG,MI
CD/IMG_7069.jpg,CD
CD/IMG_7033.jpg,CD
NORM/IMG_5814.JPG,NORM
NORM/IMG_6548.jpg,NORM
NORM/IMG_6637.jpg,NORM
MI/IMG_6196.JPG,MI
HYP/IMG_7258.jpg,HYP
NORM/IMG_6515.jpg,NORM
STTC/IMG_8266.jpg,STTC
HYP/IMG_7517.jpg,HYP
CD/IMG_6999.jpg,CD
CD/IMG_7079.jpg,CD
CD/IMG_6834.jpg,CD
MI/IMG_7796.jpg,MI
STTC/IMG_8050.jpg,STTC
MI/IMG_6107.JPG,MI
NORM/IMG_6414.jpg,NORM
HYP/IMG_7233.jpg,HYP
MI/IMG_6084.JPG,MI
STTC/IMG_8148.jpg,STTC
STTC/IMG_8243.jpg,STTC
MI/IMG_6056.JPG,MI
HYP/IMG_7383.jpg,HYP
CD/IMG_7117.jpg,CD
HYP/IMG_7461.jpg,HYP
MI/IMG_7763.jpg,MI
HYP/IMG_7375.jpg,HYP
CD/IMG_7100.jpg,CD
MI/IMG_7785.jpg,MI
MI/IMG_6191.JPG,MI
CD/IMG_7183.jpg,CD
HYP/IMG_7494.jpg,HYP
CD/IMG_7072.jpg,CD
STTC/IMG_8174.jpg,STTC
HYP/IMG_6007.JPG,HYP
NORM/IMG_5841.JPG,NORM
HYP/IMG_7411.jpg,HYP
STTC/IMG_8242.jpg,STTC
HYP/IMG_7239.jpg,HYP
STTC/IMG_8225.jpg,STTC
STTC/IMG_8089.jpg,STTC
HYP/IMG_7464.jpg,HYP
CD/IMG_7126.jpg,CD
NORM/IMG_6492.jpg,NORM
CD/IMG_7088.jpg,CD
MI/IMG_6049.JPG,MI
STTC/IMG_8403.jpg,STTC
HYP/IMG_7309.jpg,HYP
MI/IMG_6190.JPG,MI
MI/IMG_6037.JPG,MI
NORM/IMG_6665.jpg,NORM
NORM/IMG_6573.jpg,NORM
MI/IMG_6045.JPG,MI
MI/IMG_7658.jpg,MI
STTC/IMG_8105.jpg,STTC
CD/IMG_6894.jpg,CD
CD/IMG_6971.jpg,CD
HYP/IMG_7272.jpg,HYP
MI/IMG_7815.jpg,MI
HYP/IMG_7302.jpg,HYP
HYP/IMG_5958.JPG,HYP
NORM/IMG_6425.jpg,NORM
NORM/IMG_6582.jpg,NORM
CD/IMG_7176.jpg,CD
CD/IMG_6925.jpg,CD
STTC/IMG_8111.jpg,STTC
MI/IMG_7698.jpg,MI
STTC/IMG_8342.jpg,STTC
NORM/IMG_6562.jpg,NORM
STTC/IMG_8331.jpg,STTC
HYP/IMG_7324.jpg,HYP
HYP/IMG_7454.jpg,HYP
STTC/IMG_8270.jpg,STTC
MI/IMG_7741.jpg,MI
STTC/IMG_8405.jpg,STTC
MI/IMG_7803.jpg,MI
NORM/IMG_6598.jpg,NORM
NORM/IMG_6455.jpg,NORM
STTC/IMG_8294.jpg,STTC
CD/IMG_7125.jpg,CD
CD/IMG_7175.jpg,CD
HYP/IMG_7339.jpg,HYP
MI/IMG_7639.jpg,MI
NORM/IMG_6451.jpg,NORM
MI/IMG_6118.JPG,MI
HYP/IMG_7508.jpg,HYP
NORM/IMG_6540.jpg,NORM
HYP/IMG_6003.JPG,HYP
STTC/IMG_8037.jpg,STTC
CD/IMG_7017.jpg,CD
NORM/IMG_6560.jpg,NORM
HYP/IMG_7426.jpg,HYP
NORM/IMG_6713.jpg,NORM
MI/IMG_7680.jpg,MI
MI/IMG_6120.JPG,MI
MI/IMG_7762.jpg,MI
HYP/IMG_7344.jpg,HYP
MI/IMG_6148.JPG,MI
HYP/IMG_7450.jpg,HYP
NORM/IMG_5828.JPG,NORM
NORM/IMG_5832.JPG,NORM
NORM/IMG_5826.JPG,NORM
STTC/IMG_8181.jpg,STTC
HYP/IMG_7558.jpg,HYP
CD/IMG_7229.jpg,CD
CD/IMG_7189.jpg,CD
NORM/IMG_6631.jpg,NORM
MI/IMG_7789.jpg,MI
STTC/IMG_8036.jpg,STTC
MI/IMG_6187.JPG,MI
NORM/IMG_6711.jpg,NORM
MI/IMG_6077.JPG,MI
MI/IMG_6090.JPG,MI
STTC/IMG_8087.jpg,STTC
CD/IMG_6854.jpg,CD
NORM/IMG_6426.jpg,NORM
HYP/IMG_7475.jpg,HYP
MI/IMG_7728.jpg,MI
CD/IMG_6996.jpg,CD
CD/IMG_7003.jpg,CD
CD/IMG_7206.jpg,CD
CD/IMG_7052.jpg,CD
MI/IMG_6074.JPG,MI
HYP/IMG_7310.jpg,HYP
HYP/IMG_7427.jpg,HYP
HYP/IMG_7518.jpg,HYP
STTC/IMG_8115.jpg,STTC
CD/IMG_7001.jpg,CD
STTC/IMG_8254.jpg,STTC
MI/IMG_6098.JPG,MI
STTC/IMG_8079.jpg,STTC
STTC/IMG_8140.jpg,STTC
HYP/IMG_7429.jpg,HYP
MI/IMG_7684.jpg,MI
STTC/IMG_8184.jpg,STTC
MI/IMG_7650.jpg,MI
STTC/IMG_8112.jpg,STTC
MI/IMG_6200.JPG,MI
HYP/IMG_7391.jpg,HYP
MI/IMG_6028.JPG,MI
HYP/IMG_5977.JPG,HYP
HYP/IMG_7510.jpg,HYP
MI/IMG_7679.jpg,MI
HYP/IMG_7365.jpg,HYP
STTC/IMG_8165.jpg,STTC
STTC/IMG_8386.jpg,STTC
CD/IMG_7173.jpg,CD
STTC/IMG_8208.jpg,STTC
NORM/IMG_6496.jpg,NORM
HYP/IMG_7347.jpg,HYP
HYP/IMG_5955.JPG,HYP
HYP/IMG_5981.JPG,HYP
MI/IMG_7805.jpg,MI
STTC/IMG_8094.jpg,STTC
NORM/IMG_5817.JPG,NORM
STTC/IMG_8354.jpg,STTC
STTC/IMG_8316.jpg,STTC
MI/IMG_7734.jpg,MI
HYP/IMG_7393.jpg,HYP
STTC/IMG_8233.jpg,STTC
NORM/IMG_6417.jpg,NORM
NORM/IMG_5820.JPG,NORM
STTC/IMG_8372.jpg,STTC
NORM/IMG_5789.JPG,NORM
STTC/IMG_8296.jpg,STTC
MI/IMG_7798.jpg,MI
CD/IMG_7166.jpg,CD
CD/IMG_7009.jpg,CD
HYP/IMG_7554.jpg,HYP
STTC/IMG_8169.jpg,STTC
NORM/IMG_5784.JPG,NORM
NORM/IMG_6715.jpg,NORM
STTC/IMG_8361.jpg,STTC
MI/IMG_6231.JPG,MI
STTC/IMG_8074.jpg,STTC
STTC/IMG_8136.jpg,STTC
HYP/IMG_7268.jpg,HYP
HYP/IMG_7432.jpg,HYP
HYP/IMG_5968.JPG,HYP
CD/IMG_7047.jpg,CD
HYP/IMG_7280.jpg,HYP
STTC/IMG_8048.jpg,STTC
MI/IMG_6070.JPG,MI
HYP/IMG_6001.JPG,HYP
HYP/IMG_7267.jpg,HYP
MI/IMG_6093.JPG,MI
MI/IMG_7647.jpg,MI
STTC/IMG_8322.jpg,STTC
STTC/IMG_8138.jpg,STTC
CD/IMG_7110.jpg,CD
MI/IMG_7733.jpg,MI
MI/IMG_6226.JPG,MI
CD/IMG_7093.jpg,CD
NORM/IMG_6497.jpg,NORM
HYP/IMG_6011.JPG,HYP
NORM/IMG_6660.jpg,NORM
CD/IMG_7109.jpg,CD
HYP/IMG_6020.JPG,HYP
HYP/IMG_7257.jpg,HYP
HYP/IMG_7266.jpg,HYP
STTC/IMG_8039.jpg,STTC
MI/IMG_6185.JPG,MI
HYP/IMG_7490.jpg,HYP
STTC/IMG_8292.jpg,STTC
MI/IMG_7794.jpg,MI
MI/IMG_6109.JPG,MI
CD/IMG_7101.jpg,CD
STTC/IMG_8214.jpg,STTC
NORM/IMG_6460.jpg,NORM
STTC/IMG_8427.jpg,STTC
STTC/IMG_8276.jpg,STTC
HYP/IMG_7362.jpg,HYP
CD/IMG_6873.jpg,CD
CD/IMG_6910.jpg,CD
MI/IMG_7718.jpg,MI
MI/IMG_7726.jpg,MI
MI/IMG_7792.jpg,MI
NORM/IMG_6722.jpg,NORM
NORM/IMG_6683.jpg,NORM
STTC/IMG_8396.jpg,STTC
HYP/IMG_7350.jpg,HYP
STTC/IMG_8144.jpg,STTC
CD/IMG_6975.jpg,CD
STTC/IMG_8221.jpg,STTC
NORM/IMG_5850.JPG,NORM
NORM/IMG_6546.jpg,NORM
NORM/IMG_6486.jpg,NORM
HYP/IMG_5965.JPG,HYP
CD/IMG_7158.jpg,CD
STTC/IMG_8364.jpg,STTC
NORM/IMG_5852.JPG,NORM
MI/IMG_6043.JPG,MI
NORM/IMG_6478.jpg,NORM
HYP/IMG_7424.jpg,HYP
CD/IMG_7184.jpg,CD
HYP/IMG_6017.JPG,HYP
CD/IMG_7204.jpg,CD
NORM/IMG_6662.jpg,NORM
HYP/IMG_7418.jpg,HYP
CD/IMG_6900.jpg,CD
HYP/IMG_5982.JPG,HYP
STTC/IMG_8366.jpg,STTC
MI/IMG_6240.JPG,MI
NORM/IMG_5845.JPG,NORM
CD/IMG_6932.jpg,CD
CD/IMG_7095.jpg,CD
MI/IMG_6094.JPG,MI
NORM/IMG_6654.jpg,NORM
MI/IMG_7769.jpg,MI
CD/IMG_6934.jpg,CD
NORM/IMG_6632.jpg,NORM
MI/IMG_6048.JPG,MI
NORM/IMG_6604.jpg,NORM
HYP/IMG_7502.jpg,HYP
NORM/IMG_6596.jpg,NORM
NORM/IMG_6641.jpg,NORM
MI/IMG_7738.jpg,MI
MI/IMG_6081.JPG,MI
MI/IMG_6130.JPG,MI
CD/IMG_7122.jpg,CD
CD/IMG_7103.jpg,CD
MI/IMG_6206.JPG,MI
MI/IMG_6062.JPG,MI
STTC/IMG_8337.jpg,STTC
HYP/IMG_7529.jpg,HYP
NORM/IMG_6566.jpg,NORM
CD/IMG_7032.jpg,CD
NORM/IMG_6689.jpg,NORM
CD/IMG_7201.jpg,CD
MI/IMG_6053.JPG,MI
STTC/IMG_8103.jpg,STTC
NORM/IMG_6732.jpg,NORM
STTC/IMG_8206.jpg,STTC
STTC/IMG_8298.jpg,STTC
HYP/IMG_5959.JPG,HYP
MI/IMG_7817.jpg,MI
NORM/IMG_5805.JPG,NORM
NORM/IMG_6467.jpg,NORM
NORM/IMG_6626.jpg,NORM
NORM/IMG_6666.jpg,NORM
NORM/IMG_5786.JPG,NORM
HYP/IMG_7453.jpg,HYP
MI/IMG_6229.JPG,MI
MI/IMG_7725.jpg,MI
